{
    "root_group": {
        "name": "",
        "path": "",
        "id": "d41d8cd98f00b204e9800998ecf8427e",
        "groups": {},
        "checks": {
                "status is 200": {
                    "name": "status is 200",
                    "path": "::status is 200",
                    "id": "6210a8cd14cd70477eba5c5e4cb3fb5f",
                    "passes": 36277,
                    "fails": 0
                }
            }
    },
    "metrics": {
        "http_req_tls_handshaking": {
            "med": 0,
            "max": 0,
            "p(90)": 0,
            "p(95)": 0,
            "avg": 0,
            "min": 0
        },
        "iterations": {
            "count": 36277,
            "rate": 483.69563220968774
        },
        "http_req_waiting": {
            "avg": 6.5539801841938745,
            "min": 1.64738,
            "med": 6.057334,
            "max": 62.698515,
            "p(90)": 6.835014800000001,
            "p(95)": 8.007702399999992
        },
        "http_req_duration{expected_response:true}": {
            "avg": 6.670090616864717,
            "min": 1.704144,
            "med": 6.175843,
            "max": 62.781667,
            "p(90)": 6.9614692,
            "p(95)": 8.178220999999999
        },
        "vus": {
            "value": 2,
            "min": 1,
            "max": 16
        },
        "http_req_receiving": {
            "avg": 0.08260258469553726,
            "min": 0.013704,
            "med": 0.074151,
            "max": 22.7962,
            "p(90)": 0.1128834,
            "p(95)": 0.13114620000000002
        },
        "checks": {
            "passes": 36277,
            "fails": 0,
            "value": 1
        },
        "http_req_connecting": {
            "max": 0.867179,
            "p(90)": 0,
            "p(95)": 0,
            "avg": 0.00036294572318548945,
            "min": 0,
            "med": 0
        },
        "iteration_duration": {
            "avg": 6.838163878711026,
            "min": 5.695652,
            "med": 6.342871,
            "max": 62.980727,
            "p(90)": 7.1430056,
            "p(95)": 8.443490799999982
        },
        "http_req_duration": {
            "p(90)": 6.9614692,
            "p(95)": 8.178220999999999,
            "avg": 6.670090616864717,
            "min": 1.704144,
            "med": 6.175843,
            "max": 62.781667,
            "thresholds": {
                "p(95)<150": false,
                "p(99)<300": false
            }
        },
        "http_reqs": {
            "count": 36277,
            "rate": 483.69563220968774
        },
        "data_sent": {
            "count": 3119822,
            "rate": 41597.824370033144
        },
        "http_req_sending": {
            "p(95)": 0.054542599999999976,
            "avg": 0.033507847975301056,
            "min": 0.005912,
            "med": 0.031262,
            "max": 12.86179,
            "p(90)": 0.0477232
        },
        "vus_max": {
            "value": 50,
            "min": 50,
            "max": 50
        },
        "data_received": {
            "rate": 115119.56046590568,
            "count": 8633926
        },
        "http_req_failed": {
            "passes": 0,
            "fails": 36277,
            "thresholds": {
                "rate<0.01": false
            },
            "value": 0
        },
        "http_req_blocked": {
            "max": 6.806409,
            "p(90)": 0.0080794,
            "p(95)": 0.009127599999999991,
            "avg": 0.007499779943214783,
            "min": 0.002121,
            "med": 0.005768
        }
    }
}